"Date (00:00 UTC,Coingecko)",Relative to the ETH Price at Launch,ETH price,TEC price (USD),Market Cap (USD),Token Supply (TEC),TEC price (ETH),Notes
7/14/2021,,"$1,944.40",$1.00,-,-,0.00051430,Hatch Fundraise Begins
7/15/2021,,"$1,997.66",$1.00,-,-,0.00050058,
7/16/2021,,"$1,910.73",$1.00,-,-,0.00052336,
7/17/2021,,"$1,874.20",$1.00,-,-,0.00053356,
7/18/2021,,"$1,899.84",$1.00,-,-,0.00052636,
7/19/2021,,"$1,905.72",$1.00,-,-,0.00052474,
7/20/2021,,"$1,824.93",$1.00,-,-,0.00054797,
7/21/2021,,"$1,794.97",$1.00,-,-,0.00055711,
7/22/2021,,"$2,003.72",$1.00,-,-,0.00049907,
7/23/2021,,"$2,027.53",$1.00,-,-,0.00049321,
7/24/2021,,"$2,117.15",$1.00,-,-,0.00047233,
7/25/2021,,"$2,183.63",$1.00,-,-,0.00045795,
7/26/2021,,"$2,209.50",$1.00,-,-,0.00045259,
7/27/2021,,"$2,230.21",$1.00,-,-,0.00044839,
7/28/2021,,"$2,292.58",$1.00,-,-,0.00043619,
7/29/2021,,"$2,299.69",$1.00,-,-,0.00043484,
7/30/2021,,"$2,383.44",$1.00,-,-,0.00041956,
7/31/2021,,"$2,462.40",$1.00,-,-,0.00040611,
8/1/2021,,"$2,541.67",$1.00,-,-,0.00039344,
8/2/2021,,"$2,555.41",$1.00,-,-,0.00039133,
8/3/2021,,"$2,611.67",$1.00,-,-,0.00038290,
8/4/2021,,"$2,521.27",$1.00,-,-,0.00039663,
8/5/2021,,"$2,724.53",$1.00,-,-,0.00036704,
8/6/2021,,"$2,821.65",$1.00,-,-,0.00035440,
8/7/2021,,"$2,888.73",$1.00,-,-,0.00034617,
8/8/2021,,"$3,151.22",$1.00,-,-,0.00031734,
8/9/2021,,"$3,012.31",$1.00,-,-,0.00033197,
8/10/2021,,"$3,163.06",$1.00,-,-,0.00031615,
8/11/2021,100.00%,"$3,147.84",$1.00,-,-,0.00031768,Hatch Fundraise Ends
8/12/2021,74.55%,"$3,166.65",$0.75,"$1,494,553",-,0.00023684,"Holders can redeem tokens for $0.75 but cannot
sell them"
8/13/2021,77.45%,"$3,048.41",$0.75,"$1,494,553",-,0.00024603,
8/14/2021,71.04%,"$3,323.20",$0.75,"$1,494,553",-,0.00022569,
8/15/2021,72.23%,"$3,268.55",$0.75,"$1,494,553",-,0.00022946,
8/16/2021,71.33%,"$3,309.75",$0.75,"$1,494,553",-,0.00022660,
8/17/2021,74.86%,"$3,153.58",$0.75,"$1,494,553",-,0.00023782,
8/18/2021,78.51%,"$3,007.14",$0.75,"$1,494,553",-,0.00024941,
8/19/2021,77.73%,"$3,037.23",$0.75,"$1,494,553",-,0.00024694,
8/20/2021,75.07%,"$3,144.82",$0.75,"$1,494,553",-,0.00023849,
8/21/2021,72.04%,"$3,276.97",$0.75,"$1,494,553",-,0.00022887,
8/22/2021,73.23%,"$3,224.00",$0.75,"$1,494,553",-,0.00023263,
8/23/2021,72.79%,"$3,243.49",$0.75,"$1,494,553",-,0.00023123,
8/24/2021,71.10%,"$3,320.41",$0.75,"$1,494,553",-,0.00022588,
8/25/2021,74.30%,"$3,177.66",$0.75,"$1,494,553",-,0.00023602,
8/26/2021,73.06%,"$3,231.44",$0.75,"$1,494,553",-,0.00023209,
8/27/2021,75.60%,"$3,122.97",$0.75,"$1,494,553",-,0.00024016,
8/28/2021,72.25%,"$3,267.54",$0.75,"$1,494,553",-,0.00022953,
8/29/2021,72.74%,"$3,245.43",$0.75,"$1,494,553",-,0.00023109,
8/30/2021,73.02%,"$3,233.38",$0.75,"$1,494,553",-,0.00023196,
8/31/2021,73.03%,"$3,232.73",$0.75,"$1,494,553",-,0.00023200,
9/1/2021,68.62%,"$3,440.56",$0.75,"$1,494,553",-,0.00021799,
9/2/2021,62.28%,"$3,790.61",$0.75,"$1,494,553",-,0.00019786,
9/3/2021,62.24%,"$3,793.30",$0.75,"$1,494,553",-,0.00019772,
9/4/2021,59.98%,"$3,936.16",$0.75,"$1,494,553",-,0.00019054,
9/5/2021,60.61%,"$3,894.94",$0.75,"$1,494,553",-,0.00019256,
9/6/2021,59.77%,"$3,950.27",$0.75,"$1,494,553",-,0.00018986,
9/7/2021,59.87%,"$3,943.26",$0.75,"$1,494,553",-,0.00019020,
9/8/2021,68.62%,"$3,440.34",$0.75,"$1,494,553",-,0.00021800,
9/9/2021,67.51%,"$3,496.86",$0.75,"$1,494,553",-,0.00021448,
9/10/2021,68.71%,"$3,435.98",$0.75,"$1,494,553",-,0.00021828,
9/11/2021,73.55%,"$3,209.92",$0.75,"$1,494,553",-,0.00023365,
9/12/2021,72.24%,"$3,268.10",$0.75,"$1,494,553",-,0.00022949,
9/13/2021,69.08%,"$3,417.84",$0.75,"$1,494,553",-,0.00021944,
9/14/2021,71.52%,"$3,301.19",$0.75,"$1,494,553",-,0.00022719,
9/15/2021,68.93%,"$3,425.25",$0.75,"$1,494,553",-,0.00021896,
9/16/2021,65.65%,"$3,595.96",$0.75,"$1,494,553",-,0.00020857,
9/17/2021,66.07%,"$3,573.31",$0.75,"$1,494,553",-,0.00020989,
9/18/2021,69.19%,"$3,412.18",$0.75,"$1,494,553",-,0.00021980,
9/19/2021,68.88%,"$3,427.58",$0.75,"$1,494,553",-,0.00021881,
9/20/2021,70.77%,"$3,335.88",$0.75,"$1,494,553",-,0.00022483,
9/21/2021,79.30%,"$2,977.32",$0.75,"$1,494,553",-,0.00025190,
9/22/2021,86.03%,"$2,744.11",$0.75,"$1,494,553",-,0.00027331,
9/23/2021,76.80%,"$3,074.12",$0.75,"$1,494,553",-,0.00024397,
9/24/2021,74.73%,"$3,159.27",$0.75,"$1,494,553",-,0.00023740,
9/25/2021,80.56%,"$2,930.74",$0.75,"$1,494,553",-,0.00025591,
9/26/2021,80.11%,"$2,946.97",$0.75,"$1,494,553",-,0.00025450,
9/27/2021,77.07%,"$3,063.32",$0.75,"$1,494,553",-,0.00024483,
9/28/2021,80.31%,"$2,939.74",$0.75,"$1,494,553",-,0.00025512,
9/29/2021,84.35%,"$2,798.98",$0.75,"$1,494,553",-,0.00026795,
9/30/2021,82.68%,"$2,855.61",$0.75,"$1,494,553",-,0.00026264,
10/1/2021,78.34%,"$3,013.49",$0.75,"$1,494,553",-,0.00024888,
10/2/2021,71.43%,"$3,305.11",$0.75,"$1,494,553",-,0.00022692,
10/3/2021,69.56%,"$3,393.92",$0.75,"$1,494,553",-,0.00022098,
10/4/2021,68.90%,"$3,426.39",$0.75,"$1,494,553",-,0.00021889,
10/5/2021,69.64%,"$3,390.31",$0.75,"$1,494,553",-,0.00022122,
10/6/2021,67.06%,"$3,520.34",$0.75,"$1,494,553",-,0.00021305,
10/7/2021,65.72%,"$3,592.18",$0.75,"$1,494,553",-,0.00020879,
10/8/2021,65.67%,"$3,594.92",$0.75,"$1,494,553",-,0.00020863,
10/9/2021,66.34%,"$3,558.55",$0.75,"$1,494,553",-,0.00021076,
10/10/2021,65.80%,"$3,588.08",$0.75,"$1,494,553",-,0.00020903,
10/11/2021,68.81%,"$3,431.02",$0.75,"$1,494,553",-,0.00021859,
10/12/2021,66.73%,"$3,537.84",$0.75,"$1,494,553",-,0.00021199,
10/13/2021,67.49%,"$3,498.11",$0.75,"$1,494,553",-,0.00021440,
10/14/2021,65.48%,"$3,605.65",$0.75,"$1,494,553",-,0.00020801,
10/15/2021,62.22%,"$3,794.52",$0.75,"$1,494,553",-,0.00019765,
10/16/2021,60.76%,"$3,885.64",$0.75,"$1,494,553",-,0.00019302,
10/17/2021,61.25%,"$3,854.50",$0.75,"$1,494,553",-,0.00019458,
10/18/2021,61.25%,"$3,854.22",$0.75,"$1,494,553",-,0.00019459,
10/19/2021,62.91%,"$3,752.62",$0.75,"$1,494,553",-,0.00019986,
10/20/2021,60.78%,"$3,884.59",$0.75,"$1,494,553",-,0.00019307,
10/21/2021,56.61%,"$4,170.11",$0.75,"$1,494,553",-,0.00017985,
10/22/2021,57.94%,"$4,074.86",$0.75,"$1,494,553",-,0.00018406,
10/23/2021,59.16%,"$3,990.71",$0.75,"$1,494,553",-,0.00018794,
10/24/2021,56.49%,"$4,179.44",$0.75,"$1,494,553",-,0.00017945,
10/25/2021,57.65%,"$4,094.94",$0.75,"$1,494,553",-,0.00018315,
10/26/2021,55.81%,"$4,230.21",$0.75,"$1,494,553",-,0.00017730,
10/27/2021,56.85%,"$4,152.57",$0.75,"$1,494,553",-,0.00018061,
10/28/2021,59.86%,"$3,944.09",$0.75,"$1,494,553",-,0.00019016,
10/29/2021,55.06%,"$4,288.10",$0.75,"$1,494,553",-,0.00017490,
10/30/2021,53.38%,"$4,422.94",$0.75,"$1,494,553",-,0.00016957,
10/31/2021,54.59%,"$4,324.61",$0.75,"$1,494,553",-,0.00017343,
11/1/2021,55.01%,"$4,292.04",$0.75,"$1,494,553",-,0.00017474,
11/2/2021,54.52%,"$4,330.55",$0.75,"$1,494,553",-,0.00017319,
11/3/2021,51.36%,"$4,596.59",$0.75,"$1,494,553",-,0.00016316,
11/4/2021,51.24%,"$4,607.70",$0.75,"$1,494,553",-,0.00016277,
11/5/2021,51.89%,"$4,550.01",$0.75,"$1,494,553",-,0.00016483,
11/6/2021,52.52%,"$4,494.80",$0.75,"$1,494,553",-,0.00016686,
11/7/2021,52.15%,"$4,527.10",$0.75,"$1,494,553",-,0.00016567,
11/8/2021,51.03%,"$4,626.63",$0.75,"$1,494,553",-,0.00016211,
11/9/2021,49.03%,"$4,815.00",$0.75,"$1,494,553",-,0.00015576,
11/10/2021,49.79%,"$4,742.08",$0.75,"$1,494,553",-,0.00015816,
11/11/2021,50.86%,"$4,641.53",$0.75,"$1,494,553",-,0.00016158,
11/12/2021,49.88%,"$4,732.92",$0.75,"$1,494,553",-,0.00015846,
11/13/2021,50.39%,"$4,685.11",$0.75,"$1,494,553",-,0.00016008,
11/14/2021,50.59%,"$4,666.50",$0.75,"$1,494,553",-,0.00016072,
11/15/2021,50.74%,"$4,652.95",$0.75,"$1,494,553",-,0.00016119,
11/16/2021,51.51%,"$4,583.21",$0.75,"$1,494,553",-,0.00016364,
11/17/2021,55.64%,"$4,243.35",$0.75,"$1,494,553",-,0.00017675,
11/18/2021,54.87%,"$4,302.80",$0.75,"$1,494,553",-,0.00017430,
11/19/2021,59.11%,"$3,993.85",$0.75,"$1,494,553",-,0.00018779,
11/20/2021,54.68%,"$4,317.60",$0.75,"$1,494,553",-,0.00017371,
11/21/2021,53.22%,"$4,436.19",$0.75,"$1,494,553",-,0.00016906,
11/22/2021,54.66%,"$4,319.36",$0.75,"$1,494,553",-,0.00017364,
11/23/2021,57.57%,"$4,101.06",$0.75,"$1,494,553",-,0.00018288,
11/24/2021,54.21%,"$4,355.42",$0.75,"$1,494,553",-,0.00017220,
11/25/2021,55.30%,"$4,269.44",$0.75,"$1,494,553",-,0.00017567,
11/26/2021,52.28%,"$4,515.84",$0.75,"$1,494,553",-,0.00016608,
11/27/2021,58.32%,"$4,048.31",$0.75,"$1,494,553",-,0.00018526,
11/28/2021,57.81%,"$4,084.09",$0.75,"$1,494,553",-,0.00018364,
11/29/2021,55.03%,"$4,290.09",$0.75,"$1,494,553",-,0.00017482,
11/30/2021,53.12%,"$4,444.53",$0.75,"$1,494,553",-,0.00016875,
12/1/2021,50.91%,"$4,637.12",$0.75,"$1,494,553",-,0.00016174,
12/2/2021,51.44%,"$4,589.61",$0.75,"$1,494,553",-,0.00016341,
12/3/2021,52.24%,"$4,519.44",$0.75,"$1,494,553",-,0.00016595,
12/4/2021,55.68%,"$4,240.16",$0.75,"$1,494,553",-,0.00017688,
12/5/2021,57.56%,"$4,101.66",$0.75,"$1,494,553",-,0.00018285,
12/6/2021,56.23%,"$4,198.57",$0.75,"$1,494,553",-,0.00017863,
12/7/2021,54.30%,"$4,347.62",$0.75,"$1,494,553",-,0.00017251,
12/8/2021,54.77%,"$4,310.57",$0.75,"$1,494,553",-,0.00017399,
12/9/2021,53.27%,"$4,431.54",$0.75,"$1,494,553",-,0.00016924,
12/10/2021,56.84%,"$4,153.33",$0.75,"$1,494,553",-,0.00018058,
12/11/2021,60.25%,"$3,918.20",$0.75,"$1,494,553",-,0.00019141,
12/12/2021,57.87%,"$4,079.81",$0.75,"$1,494,553",-,0.00018383,
12/13/2021,57.08%,"$4,135.84",$0.75,"$1,494,553",-,0.00018134,
12/14/2021,62.41%,"$3,782.90",$0.75,"$1,494,553",-,0.00019826,
12/15/2021,61.19%,"$3,858.16",$0.75,"$1,494,553",-,0.00019439,
12/16/2021,58.79%,"$4,015.72",$0.75,"$1,494,553",-,0.00018677,
12/17/2021,59.44%,"$3,971.56",$0.75,"$1,494,553",-,0.00018884,
12/18/2021,60.74%,"$3,886.75",$0.75,"$1,494,553",-,0.00019296,
12/19/2021,59.52%,"$3,966.43",$0.75,"$1,494,553",-,0.00018909,
12/20/2021,60.09%,"$3,928.84",$0.75,"$1,494,553",-,0.00019090,
12/21/2021,59.76%,"$3,950.48",$0.75,"$1,494,553",-,0.00018985,
12/22/2021,58.49%,"$4,036.55",$0.75,"$1,494,553",-,0.00018580,
12/23/2021,59.13%,"$3,992.59",$0.75,"$1,494,553",-,0.00018785,
12/24/2021,57.39%,"$4,113.53",$0.75,"$1,494,553",-,0.00018233,
12/25/2021,58.22%,"$4,055.12",$0.75,"$1,494,553",-,0.00018495,
12/26/2021,57.43%,"$4,110.57",$0.75,"$1,494,553",-,0.00018246,
12/27/2021,57.94%,"$4,075.03",$0.75,"$1,494,553",-,0.00018405,
12/28/2021,58.36%,"$4,045.05",$0.75,"$1,494,553",-,0.00018541,
12/29/2021,62.01%,"$3,807.36",$0.75,"$1,494,553",-,0.00019699,
12/30/2021,64.78%,"$3,644.41",$0.75,"$1,494,553",-,0.00020579,
12/31/2021,63.55%,"$3,714.95",$0.75,"$1,494,553",-,0.00020189,
1/1/2022,64.04%,"$3,686.40",$0.75,"$1,494,553",-,0.00020345,
1/2/2022,62.45%,"$3,780.32",$0.75,"$1,494,553",-,0.00019840,
1/3/2022,61.56%,"$3,835.40",$0.75,"$1,494,553",-,0.00019555,
1/4/2022,62.63%,"$3,769.40",$0.75,"$1,494,553",-,0.00019897,
1/5/2022,62.21%,"$3,794.91",$0.75,"$1,494,553",-,0.00019763,
1/6/2022,66.37%,"$3,556.91",$0.75,"$1,494,553",-,0.00021086,
1/7/2022,69.10%,"$3,416.83",$0.75,"$1,494,553",-,0.00021950,
1/8/2022,73.74%,"$3,201.79",$0.75,"$1,494,553",-,0.00023424,
1/9/2022,76.13%,"$3,101.04",$0.75,"$1,494,553",-,0.00024185,
1/10/2022,74.78%,"$3,156.97",$0.75,"$1,494,553",-,0.00023757,
1/11/2022,76.48%,"$3,086.73",$0.75,"$1,494,553",-,0.00024298,
1/12/2022,72.72%,"$3,246.41",$0.75,"$1,494,553",-,0.00023102,
1/13/2022,69.89%,"$3,378.04",$0.75,"$1,494,553",-,0.00022202,
1/14/2022,72.49%,"$3,256.76",$0.75,"$1,494,553",-,0.00023029,
1/15/2022,71.28%,"$3,311.99",$0.75,"$1,494,553",-,0.00022645,
1/16/2022,70.87%,"$3,331.25",$0.75,"$1,494,553",-,0.00022514,
1/17/2022,70.34%,"$3,356.30",$0.75,"$1,494,553",-,0.00022346,
1/18/2022,73.40%,"$3,216.59",$0.75,"$1,494,553",-,0.00023317,
1/19/2022,74.56%,"$3,166.45",$0.75,"$1,494,553",-,0.00023686,
1/20/2022,76.23%,"$3,097.02",$0.75,"$1,494,553",-,0.00024217,
1/21/2022,78.29%,"$3,015.59",$0.75,"$1,494,553",-,0.00024871,
1/22/2022,92.07%,"$2,564.34",$0.75,"$1,494,553",-,0.00029247,
1/23/2022,98.07%,"$2,407.38",$0.75,"$1,494,553",-,0.00031154,
1/24/2022,93.03%,"$2,537.84",$0.75,"$1,494,553",-,0.00029553,
1/25/2022,380.39%,"$2,447.83",$2.96,,0.00000000,0.00120840,"ABC Launches so anyone can buy TEC, but Hatchers tokens are still locked for 6 months"
1/26/2022,377.70%,"$2,465.22",$2.96,,0.00000000,0.00119988,
1/27/2022,301.16%,"$2,470.43",$2.36,,0.00000000,0.00095672,
1/28/2022,328.99%,"$2,411.86",$2.52,,0.00000000,0.00104513,
1/29/2022,301.73%,"$2,551.11",$2.45,,0.00000000,0.00095853,
1/30/2022,295.90%,"$2,603.60",$2.45,,0.00000000,0.00094002,
1/31/2022,312.43%,"$2,610.18",$2.59,,0.00000000,0.00099252,
2/1/2022,281.45%,"$2,689.22",$2.40,,0.00000000,0.00089412,
2/2/2022,285.05%,"$2,797.43",$2.53,,0.00000000,0.00090555,
2/3/2022,274.88%,"$2,690.32",$2.35,,0.00000000,0.00087322,
2/4/2022,252.73%,"$2,667.26",$2.14,,0.00000000,0.00080288,
2/5/2022,234.55%,"$2,993.10",$2.23,,0.00000000,0.00074510,
2/6/2022,275.41%,"$3,018.67",$2.64,,0.00000000,0.00087492,
2/7/2022,239.14%,"$3,062.81",$2.33,,0.00000000,0.00075971,
2/8/2022,252.34%,"$3,149.95",$2.53,,0.00000000,0.00080163,
2/9/2022,248.63%,"$3,127.44",$2.47,,0.00000000,0.00078983,
2/10/2022,236.28%,"$3,240.92",$2.43,,0.00000000,0.00075060,
2/11/2022,244.56%,"$3,081.91",$2.39,,0.00000000,0.00077692,
2/12/2022,250.99%,"$2,930.56",$2.34,,0.00000000,0.00079732,
2/13/2022,249.07%,"$2,918.09",$2.31,,0.00000000,0.00079123,
2/14/2022,252.15%,"$2,889.24",$2.31,,0.00000000,0.00080101,
2/15/2022,223.52%,"$2,935.65",$2.08,,0.00000000,0.00071008,
2/16/2022,234.31%,"$3,179.30",$2.37,,0.00000000,0.00074436,
2/17/2022,242.68%,"$3,128.64",$2.41,,0.00000000,0.00077094,
2/18/2022,251.94%,"$2,881.61",$2.31,,0.00000000,0.00080036,
2/19/2022,247.38%,"$2,792.30",$2.19,,0.00000000,0.00078588,
2/20/2022,250.36%,"$2,768.97",$2.20,,0.00000000,0.00079533,
2/21/2022,251.49%,"$2,632.49",$2.10,,0.00000000,0.00079892,
2/22/2022,248.27%,"$2,574.51",$2.03,,0.00000000,0.00078869,
2/23/2022,269.46%,"$2,644.15",$2.26,,0.00000000,0.00085600,
2/24/2022,248.68%,"$2,594.70",$2.05,,0.00000000,0.00079000,
2/25/2022,267.88%,"$2,599.93",$2.21,,0.00000000,0.00085098,
2/26/2022,244.78%,"$2,771.89",$2.16,,0.00000000,0.00077760,
2/27/2022,273.48%,"$2,785.34",$2.42,,0.00000000,0.00086878,
2/28/2022,264.07%,"$2,629.48",$2.21,,0.00000000,0.00083890,
3/1/2022,255.85%,"$2,919.29",$2.37,,0.00000000,0.00081277,
3/2/2022,257.25%,"$2,977.28",$2.43,,0.00000000,0.00081722,
3/3/2022,256.70%,"$2,953.32",$2.41,,0.00000000,0.00081546,
3/4/2022,258.47%,"$2,836.91",$2.33,,0.00000000,0.00082110,
3/5/2022,258.57%,"$2,619.36",$2.15,,0.00000000,0.00082141,
3/6/2022,254.72%,"$2,668.71",$2.16,,0.00000000,0.00080918,
3/7/2022,259.11%,"$2,558.36",$2.11,,0.00000000,0.00082315,
3/8/2022,280.15%,"$2,498.66",$2.22,,0.00000000,0.00088999,
3/9/2022,272.13%,"$2,576.63",$2.23,,0.00000000,0.00086450,
3/10/2022,271.96%,"$2,731.04",$2.36,,0.00000000,0.00086397,
3/11/2022,267.44%,"$2,611.46",$2.22,,0.00000000,0.00084961,
3/12/2022,260.59%,"$2,562.83",$2.12,,0.00000000,0.00082782,
3/13/2022,259.79%,"$2,579.46",$2.13,,0.00000000,0.00082528,
3/14/2022,261.61%,"$2,518.49",$2.09,,0.00000000,0.00083109,
3/15/2022,390.16%,"$2,591.54",$3.21,,0.00000000,0.00123944,
3/16/2022,299.65%,"$2,620.36",$2.49,,0.00000000,0.00095191,
3/17/2022,256.05%,"$2,771.76",$2.25,,0.00000000,0.00081340,
3/18/2022,251.14%,"$2,817.40",$2.25,,0.00000000,0.00079781,
3/19/2022,245.11%,"$2,945.75",$2.29,,0.00000000,0.00077867,
3/20/2022,246.71%,"$2,947.23",$2.31,,0.00000000,0.00078376,
3/21/2022,256.16%,"$2,860.64",$2.33,,0.00000000,0.00081375,
3/22/2022,248.60%,"$2,896.59",$2.29,,0.00000000,0.00078975,
3/23/2022,252.45%,"$2,969.78",$2.38,,0.00000000,0.00080197,
3/24/2022,244.40%,"$3,028.84",$2.35,,0.00000000,0.00077641,
3/25/2022,243.64%,"$3,106.66",$2.40,,0.00000000,0.00077398,
3/26/2022,248.29%,"$3,106.07",$2.45,,0.00000000,0.00078877,
3/27/2022,247.49%,"$3,140.88",$2.47,,0.00000000,0.00078622,
3/28/2022,245.70%,"$3,285.17",$2.56,,0.00000000,0.00078054,
3/29/2022,243.51%,"$3,328.93",$2.58,,0.00000000,0.00077357,
3/30/2022,241.46%,"$3,401.18",$2.61,,0.00000000,0.00076706,
3/31/2022,239.96%,"$3,383.79",$2.58,,0.00000000,0.00076230,
4/1/2022,239.17%,"$3,283.30",$2.49,,0.00000000,0.00075981,
4/2/2022,231.39%,"$3,451.20",$2.54,,0.00000000,0.00073508,
4/3/2022,230.48%,"$3,440.34",$2.52,,0.00000000,0.00073219,
4/4/2022,227.69%,"$3,521.58",$2.55,,0.00000000,0.00072333,
4/5/2022,228.45%,"$3,520.97",$2.56,,0.00000000,0.00072573,
4/6/2022,230.06%,"$3,422.97",$2.50,,0.00000000,0.00073084,
4/7/2022,242.74%,"$3,171.37",$2.45,,0.00000000,0.00077114,
4/8/2022,232.03%,"$3,232.83",$2.38,,0.00000000,0.00073711,
4/9/2022,235.80%,"$3,192.03",$2.39,,0.00000000,0.00074910,
4/10/2022,225.90%,"$3,265.94",$2.34,,0.00000000,0.00071764,
4/11/2022,230.52%,"$3,219.16",$2.36,,0.00000000,0.00073231,
4/12/2022,232.21%,"$2,992.70",$2.21,,0.00000000,0.00073769,
4/13/2022,229.07%,"$3,038.21",$2.21,,0.00000000,0.00072772,
4/14/2022,228.71%,"$3,121.40",$2.27,,0.00000000,0.00072656,
4/15/2022,230.72%,"$3,023.42",$2.22,,0.00000000,0.00073295,
4/16/2022,229.82%,"$3,045.43",$2.22,,0.00000000,0.00073008,
4/17/2022,228.11%,"$3,066.36",$2.22,,0.00000000,0.00072466,
4/18/2022,231.29%,"$2,995.72",$2.20,,0.00000000,0.00073477,
4/19/2022,230.77%,"$3,061.89",$2.24,,0.00000000,0.00073311,
4/20/2022,230.81%,"$3,104.69",$2.28,,0.00000000,0.00073323,
4/21/2022,233.31%,"$3,079.68",$2.28,,0.00000000,0.00074117,
4/22/2022,233.90%,"$2,987.49",$2.22,,0.00000000,0.00074306,
4/23/2022,231.83%,"$2,967.09",$2.19,,0.00000000,0.00073648,
4/24/2022,232.25%,"$2,940.69",$2.17,,0.00000000,0.00073782,
4/25/2022,233.32%,"$2,922.90",$2.17,,0.00000000,0.00074121,
4/26/2022,231.87%,"$3,008.34",$2.22,,0.00000000,0.00073660,
4/27/2022,233.77%,"$2,806.75",$2.08,,0.00000000,0.00074265,
4/28/2022,233.82%,"$2,889.59",$2.15,,0.00000000,0.00074279,
4/29/2022,232.86%,"$2,932.46",$2.17,,0.00000000,0.00073973,
4/30/2022,235.71%,"$2,817.49",$2.11,,0.00000000,0.00074879,
5/1/2022,237.31%,"$2,738.17",$2.06,,0.00000000,0.00075387,
5/2/2022,234.12%,"$2,832.51",$2.11,,0.00000000,0.00074376,
5/3/2022,225.54%,"$2,861.37",$2.05,,0.00000000,0.00071649,
5/4/2022,226.13%,"$2,786.05",$2.00,,0.00000000,0.00071835,
5/5/2022,232.26%,"$2,942.05",$2.17,,0.00000000,0.00073784,
5/6/2022,231.18%,"$2,753.94",$2.02,,0.00000000,0.00073440,
5/7/2022,230.34%,"$2,699.71",$1.98,,0.00000000,0.00073174,
5/8/2022,227.07%,"$2,641.23",$1.91,,0.00000000,0.00072134,
5/9/2022,232.29%,"$2,517.83",$1.86,,0.00000000,0.00073792,
5/10/2022,264.61%,"$2,249.89",$1.89,,0.00000000,0.00084062,
5/11/2022,265.89%,"$2,344.80",$1.98,,0.00000000,0.00084469,
5/12/2022,317.34%,"$2,080.91",$2.10,,0.00000000,0.00100811,
5/13/2022,277.69%,"$1,966.70",$1.73,,0.00000000,0.00088217,
5/14/2022,257.07%,"$2,010.21",$1.64,,0.00000000,0.00081667,
5/15/2022,254.44%,"$2,064.23",$1.67,,0.00000000,0.00080829,
5/16/2022,270.64%,"$2,147.05",$1.85,,0.00000000,0.00085977,
5/17/2022,256.70%,"$2,025.89",$1.65,,0.00000000,0.00081548,
5/18/2022,254.50%,"$2,095.18",$1.69,,0.00000000,0.00080850,
5/19/2022,259.24%,"$1,915.18",$1.58,,0.00000000,0.00082354,
5/20/2022,257.71%,"$2,023.85",$1.66,,0.00000000,0.00081870,
5/21/2022,257.03%,"$1,963.99",$1.60,,0.00000000,0.00081651,
5/22/2022,257.19%,"$1,978.15",$1.62,,0.00000000,0.00081705,
5/23/2022,255.92%,"$2,046.65",$1.66,,0.00000000,0.00081299,
5/24/2022,256.11%,"$1,974.58",$1.61,,0.00000000,0.00081360,
5/25/2022,258.78%,"$1,979.77",$1.63,,0.00000000,0.00082207,
5/26/2022,262.83%,"$1,944.84",$1.62,,0.00000000,0.00083497,
5/27/2022,277.00%,"$1,807.97",$1.59,,0.00000000,0.00087997,
5/28/2022,283.78%,"$1,724.88",$1.55,,0.00000000,0.00090151,
5/29/2022,278.32%,"$1,798.69",$1.59,,0.00000000,0.00088416,
5/30/2022,279.87%,"$1,814.98",$1.61,,0.00000000,0.00088908,
5/31/2022,273.69%,"$1,995.94",$1.74,,0.00000000,0.00086947,
6/1/2022,281.67%,"$1,944.08",$1.74,,0.00000000,0.00089479,
6/2/2022,279.96%,"$1,828.89",$1.63,,0.00000000,0.00088936,
6/3/2022,286.59%,"$1,833.09",$1.67,,0.00000000,0.00091043,
6/4/2022,287.45%,"$1,776.98",$1.62,,0.00000000,0.00091317,
6/5/2022,285.23%,"$1,804.26",$1.63,,0.00000000,0.00090613,
6/6/2022,283.50%,"$1,805.33",$1.63,,0.00000000,0.00090062,
6/7/2022,289.69%,"$1,860.18",$1.71,,0.00000000,0.00092027,
6/8/2022,295.28%,"$1,818.39",$1.71,,0.00000000,0.00093803,
6/9/2022,288.91%,"$1,794.54",$1.65,,0.00000000,0.00091781,
6/10/2022,290.04%,"$1,788.42",$1.65,,0.00000000,0.00092141,
6/11/2022,300.67%,"$1,663.84",$1.59,,0.00000000,0.00095515,
6/12/2022,313.53%,"$1,530.04",$1.52,,0.00000000,0.00099603,
6/13/2022,315.16%,"$1,454.69",$1.46,,0.00000000,0.00100118,
6/14/2022,338.81%,"$1,205.60",$1.30,,0.00000000,0.00107632,
6/15/2022,336.22%,"$1,214.87",$1.30,,0.00000000,0.00106810,
6/16/2022,331.99%,"$1,230.36",$1.30,,0.00000000,0.00105465,
6/17/2022,382.24%,"$1,068.60",$1.30,,0.00000000,0.00121430,
6/18/2022,375.49%,"$1,087.81",$1.30,,0.00000000,0.00119285,
6/19/2022,410.41%,$995.25,$1.30,,0.00000000,0.00130379,
6/20/2022,362.84%,"$1,125.75",$1.30,,0.00000000,0.00115265,
6/21/2022,360.82%,"$1,132.05",$1.30,,0.00000000,0.00114624,
6/22/2022,363.22%,"$1,124.56",$1.30,,0.00000000,0.00115387,
6/23/2022,388.62%,"$1,051.07",$1.30,,0.00000000,0.00123455,
6/24/2022,442.82%,"$1,144.48",$1.61,,0.00000000,0.00140675,
6/25/2022,416.86%,"$1,229.30",$1.63,,0.00000000,0.00132427,
6/26/2022,398.17%,"$1,244.29",$1.57,,0.00000000,0.00126489,
6/27/2022,402.42%,"$1,201.24",$1.54,,0.00000000,0.00127839,
6/28/2022,381.75%,"$1,194.22",$1.45,,0.00000000,0.00121273,
6/29/2022,386.36%,"$1,143.53",$1.40,,0.00000000,0.00122738,
6/30/2022,383.33%,"$1,098.91",$1.34,,0.00000000,0.00121774,
7/1/2022,393.24%,"$1,057.63",$1.32,,0.00000000,0.00124923,
7/2/2022,400.98%,"$1,068.82",$1.36,,0.00000000,0.00127383,
7/3/2022,394.73%,"$1,068.54",$1.34,,0.00000000,0.00125396,
7/4/2022,398.37%,"$1,074.61",$1.36,,0.00000000,0.00126552,
7/5/2022,386.12%,"$1,153.35",$1.41,,0.00000000,0.00122661,
7/6/2022,395.82%,"$1,134.02",$1.43,,0.00000000,0.00125744,
7/7/2022,378.46%,"$1,188.73",$1.43,,0.00000000,0.00120229,
7/8/2022,353.09%,"$1,240.38",$1.39,,0.00000000,0.00112168,
7/9/2022,354.42%,"$1,233.51",$1.39,,0.00000000,0.00112592,
7/10/2022,353.61%,"$1,216.85",$1.37,,0.00000000,0.00112334,
7/11/2022,363.26%,"$1,169.01",$1.35,,0.00000000,0.00115398,
7/12/2022,374.91%,"$1,097.45",$1.31,,0.00000000,0.00119101,
7/13/2022,381.11%,"$1,040.80",$1.26,,0.00000000,0.00121071,
7/14/2022,378.41%,"$1,112.92",$1.34,,0.00000000,0.00120211,
7/15/2022,382.58%,"$1,191.13",$1.45,,0.00000000,0.00121536,
7/16/2022,372.50%,"$1,234.10",$1.46,,0.00000000,0.00118336,
7/17/2022,333.14%,"$1,355.05",$1.43,,0.00000000,0.00105831,
7/18/2022,334.14%,"$1,344.72",$1.43,,0.00000000,0.00106148,
7/19/2022,296.81%,"$1,570.66",$1.48,,0.00000000,0.00094290,
7/20/2022,297.40%,"$1,542.63",$1.46,,0.00000000,0.00094478,
7/21/2022,297.34%,"$1,527.41",$1.44,,0.00000000,0.00094460,
7/22/2022,277.56%,"$1,576.83",$1.39,,0.00000000,0.00088174,
7/23/2022,277.17%,"$1,536.12",$1.35,,0.00000000,0.00088050,
7/24/2022,267.65%,"$1,552.50",$1.32,,0.00000000,0.00085028,"1 year vesting begins, Hatch tokens begin to unlock"
7/25/2022,265.16%,"$1,601.21",$1.35,,0.00000000,0.00084235,
7/26/2022,287.00%,"$1,450.48",$1.32,,0.00000000,0.00091175,
7/27/2022,283.87%,"$1,438.99",$1.30,,0.00000000,0.00090180,
7/28/2022,270.01%,"$1,636.95",$1.40,,0.00000000,0.00085778,
7/29/2022,264.63%,"$1,723.55",$1.45,,0.00000000,0.00084066,
7/30/2022,247.67%,"$1,739.04",$1.37,,0.00000000,0.00078680,
7/31/2022,243.55%,"$1,696.79",$1.31,,0.00000000,0.00077369,
8/1/2022,248.77%,"$1,682.01",$1.33,,0.00000000,0.00079029,
8/2/2022,249.96%,"$1,636.02",$1.30,,0.00000000,0.00079406,
8/3/2022,254.43%,"$1,638.38",$1.32,,0.00000000,0.00080827,
8/4/2022,248.52%,"$1,621.34",$1.28,,0.00000000,0.00078949,
8/5/2022,247.93%,"$1,612.42",$1.27,,0.00000000,0.00078761,
8/6/2022,245.97%,"$1,725.38",$1.35,,0.00000000,0.00078139,
8/7/2022,247.44%,"$1,693.30",$1.33,,0.00000000,0.00078607,
8/8/2022,246.17%,"$1,699.01",$1.33,,0.00000000,0.00078202,
8/9/2022,238.41%,"$1,775.70",$1.34,,0.00000000,0.00075738,
8/10/2022,239.67%,"$1,698.97",$1.29,,0.00000000,0.00076139,
8/11/2022,229.90%,"$1,852.88",$1.35,,0.00000000,0.00073033,
8/12/2022,217.32%,"$1,881.43",$1.30,,0.00000000,0.00069036,
8/13/2022,216.83%,"$1,959.33",$1.35,,0.00000000,0.00068881,
8/14/2022,215.60%,"$1,982.41",$1.36,,0.00000000,0.00068493,
8/15/2022,217.19%,"$1,936.70",$1.34,,0.00000000,0.00068997,
8/16/2022,216.20%,"$1,908.28",$1.31,,0.00000000,0.00068683,
8/17/2022,214.40%,"$1,880.60",$1.28,,0.00000000,0.00068110,
8/18/2022,221.01%,"$1,834.83",$1.29,,0.00000000,0.00070209,
8/19/2022,222.51%,"$1,850.11",$1.31,,0.00000000,0.00070688,
8/20/2022,229.31%,"$1,618.53",$1.18,,0.00000000,0.00072846,
8/21/2022,243.85%,"$1,579.42",$1.22,,0.00000000,0.00077465,
8/22/2022,237.12%,"$1,624.15",$1.22,,0.00000000,0.00075327,
8/23/2022,242.20%,"$1,622.31",$1.25,,0.00000000,0.00076943,
8/24/2022,240.41%,"$1,665.79",$1.27,,0.00000000,0.00076372,
8/25/2022,242.17%,"$1,657.79",$1.28,,0.00000000,0.00076933,
8/26/2022,238.55%,"$1,697.08",$1.29,,0.00000000,0.00075781,
8/27/2022,253.63%,"$1,510.19",$1.22,,0.00000000,0.00080572,
8/28/2022,255.56%,"$1,496.06",$1.21,,0.00000000,0.00081185,
8/29/2022,263.09%,"$1,438.75",$1.20,,0.00000000,0.00083579,
8/30/2022,253.05%,"$1,555.18",$1.25,,0.00000000,0.00080388,
8/31/2022,253.34%,"$1,525.40",$1.23,,0.00000000,0.00080482,
9/1/2022,245.94%,"$1,552.56",$1.21,,0.00000000,0.00078129,
9/2/2022,248.39%,"$1,588.98",$1.25,,0.00000000,0.00078908,
9/3/2022,251.98%,"$1,575.18",$1.26,,0.00000000,0.00080049,
9/4/2022,248.19%,"$1,555.67",$1.23,,0.00000000,0.00078845,
9/5/2022,246.66%,"$1,578.95",$1.24,,0.00000000,0.00078357,
9/6/2022,257.05%,"$1,617.94",$1.32,,0.00000000,0.00081659,
9/7/2022,254.36%,"$1,564.56",$1.26,,0.00000000,0.00080804,
9/8/2022,251.80%,"$1,629.88",$1.30,,0.00000000,0.00079990,
9/9/2022,242.66%,"$1,635.93",$1.26,,0.00000000,0.00077087,
9/10/2022,236.77%,"$1,717.08",$1.29,,0.00000000,0.00075215,
9/11/2022,222.35%,"$1,779.52",$1.26,,0.00000000,0.00070637,
9/12/2022,231.09%,"$1,761.32",$1.29,,0.00000000,0.00073411,
9/13/2022,235.74%,"$1,710.16",$1.28,,0.00000000,0.00074889,
9/14/2022,242.65%,"$1,573.21",$1.21,,0.00000000,0.00077084,
9/15/2022,236.27%,"$1,635.37",$1.23,,0.00000000,0.00075058,
9/16/2022,246.62%,"$1,472.00",$1.15,,0.00000000,0.00078347,
9/17/2022,254.81%,"$1,432.22",$1.16,,0.00000000,0.00080947,
9/18/2022,250.21%,"$1,471.20",$1.17,,0.00000000,0.00079485,
9/19/2022,262.06%,"$1,335.85",$1.11,,0.00000000,0.00083250,
9/20/2022,283.63%,"$1,379.92",$1.24,,0.00000000,0.00090102,
9/21/2022,285.72%,"$1,324.19",$1.20,,0.00000000,0.00090767,
9/22/2022,289.51%,"$1,252.77",$1.15,,0.00000000,0.00091971,
9/23/2022,294.68%,"$1,330.79",$1.25,,0.00000000,0.00093613,
9/24/2022,296.01%,"$1,329.56",$1.25,,0.00000000,0.00094037,
9/25/2022,294.57%,"$1,318.10",$1.23,,0.00000000,0.00093577,
9/26/2022,294.64%,"$1,294.08",$1.21,,0.00000000,0.00093599,
9/27/2022,292.45%,"$1,335.12",$1.24,,0.00000000,0.00092905,
9/28/2022,282.06%,"$1,331.15",$1.19,,0.00000000,0.00089603,
9/29/2022,287.57%,"$1,340.02",$1.22,,0.00000000,0.00091355,
9/30/2022,286.03%,"$1,335.74",$1.21,,0.00000000,0.00090867,
10/1/2022,276.37%,"$1,329.15",$1.17,,0.00000000,0.00087797,
10/2/2022,268.32%,"$1,311.26",$1.12,,0.00000000,0.00085241,
10/3/2022,274.56%,"$1,277.90",$1.11,,0.00000000,0.00087222,
10/4/2022,314.53%,"$1,323.50",$1.32,,0.00000000,0.00099920,
10/5/2022,289.83%,"$1,363.24",$1.26,,0.00000000,0.00092072,
10/6/2022,278.80%,"$1,352.59",$1.20,,0.00000000,0.00088570,
10/7/2022,269.70%,"$1,351.43",$1.16,,0.00000000,0.00085678,
10/8/2022,278.05%,"$1,324.89",$1.17,,0.00000000,0.00088331,
10/9/2022,281.12%,"$1,315.86",$1.18,,0.00000000,0.00089305,
10/10/2022,279.17%,"$1,322.27",$1.17,,0.00000000,0.00088686,
10/11/2022,285.17%,"$1,291.08",$1.17,,0.00000000,0.00090594,
10/12/2022,291.07%,"$1,279.88",$1.18,,0.00000000,0.00092467,
10/13/2022,279.23%,"$1,294.27",$1.15,,0.00000000,0.00088705,
10/14/2022,287.88%,"$1,288.16",$1.18,,0.00000000,0.00091453,
10/15/2022,289.21%,"$1,297.63",$1.19,,0.00000000,0.00091875,
10/16/2022,289.98%,"$1,275.69",$1.18,,0.00000000,0.00092121,
10/17/2022,285.25%,"$1,306.94",$1.18,,0.00000000,0.00090618,
10/18/2022,286.16%,"$1,333.44",$1.21,,0.00000000,0.00090907,
10/19/2022,280.74%,"$1,311.81",$1.17,,0.00000000,0.00089186,
10/20/2022,282.02%,"$1,284.65",$1.15,,0.00000000,0.00089592,
10/21/2022,283.86%,"$1,282.04",$1.16,,0.00000000,0.00090175,
10/22/2022,277.66%,"$1,299.80",$1.15,,0.00000000,0.00088207,
10/23/2022,276.47%,"$1,313.77",$1.15,,0.00000000,0.00087828,
10/24/2022,270.98%,"$1,364.49",$1.17,,0.00000000,0.00086083,
10/25/2022,271.79%,"$1,343.33",$1.16,,0.00000000,0.00086341,
10/26/2022,261.16%,"$1,462.05",$1.21,,0.00000000,0.00082966,
10/27/2022,250.04%,"$1,568.75",$1.25,,0.00000000,0.00079434,
10/28/2022,252.96%,"$1,514.86",$1.22,,0.00000000,0.00080361,
10/29/2022,246.92%,"$1,555.03",$1.22,,0.00000000,0.00078442,
10/30/2022,222.73%,"$1,619.43",$1.15,,0.00000000,0.00070755,
10/31/2022,222.17%,"$1,591.05",$1.12,,0.00000000,0.00070579,
11/1/2022,217.78%,"$1,572.98",$1.09,,0.00000000,0.00069184,
11/2/2022,214.54%,"$1,580.38",$1.08,,0.00000000,0.00068154,
11/3/2022,218.29%,"$1,520.64",$1.05,,0.00000000,0.00069345,
11/4/2022,217.41%,"$1,531.11",$1.06,,0.00000000,0.00069066,
11/5/2022,208.62%,"$1,644.19",$1.09,,0.00000000,0.00066274,
11/6/2022,208.56%,"$1,626.81",$1.08,,0.00000000,0.00066254,
11/7/2022,208.46%,"$1,572.95",$1.04,,0.00000000,0.00066224,
11/8/2022,212.21%,"$1,569.99",$1.06,,0.00000000,0.00067416,
11/9/2022,248.54%,"$1,334.29",$1.05,,0.00000000,0.00078957,
11/10/2022,290.79%,"$1,095.18",$1.01,,0.00000000,0.00092376,
11/11/2022,276.55%,"$1,301.55",$1.14,,0.00000000,0.00087855,
11/12/2022,309.68%,"$1,293.91",$1.27,,0.00000000,0.00098379,
11/13/2022,291.30%,"$1,255.60",$1.16,,0.00000000,0.00092539,
11/14/2022,279.85%,"$1,223.01",$1.09,,0.00000000,0.00088903,
11/15/2022,263.28%,"$1,242.00",$1.04,,0.00000000,0.00083638,
11/16/2022,259.59%,"$1,252.71",$1.03,,0.00000000,0.00082467,
11/17/2022,267.08%,"$1,217.70",$1.03,,0.00000000,0.00084844,
11/18/2022,266.88%,"$1,201.79",$1.02,,0.00000000,0.00084783,
11/19/2022,258.38%,"$1,213.50",$1.00,,0.00000000,0.00082081,
11/20/2022,271.42%,"$1,218.89",$1.05,,0.00000000,0.00086226,
11/21/2022,276.60%,"$1,144.25",$1.01,,0.00000000,0.00087871,
11/22/2022,281.63%,"$1,110.29",$0.99,,0.00000000,0.00089468,
11/23/2022,284.30%,"$1,135.18",$1.03,,0.00000000,0.00090315,
11/24/2022,279.13%,"$1,184.46",$1.05,,0.00000000,0.00088672,
11/25/2022,269.24%,"$1,204.21",$1.03,,0.00000000,0.00085530,
11/26/2022,265.95%,"$1,198.98",$1.01,,0.00000000,0.00084487,
11/27/2022,266.11%,"$1,205.66",$1.02,,0.00000000,0.00084536,
11/28/2022,269.14%,"$1,196.20",$1.02,,0.00000000,0.00085499,
11/29/2022,266.26%,"$1,170.12",$0.99,,0.00000000,0.00084584,
11/30/2022,259.47%,"$1,216.94",$1.00,,0.00000000,0.00082428,
12/1/2022,247.53%,"$1,298.94",$1.02,,0.00000000,0.00078634,
12/2/2022,240.35%,"$1,276.64",$0.97,,0.00000000,0.00076354,
12/3/2022,232.16%,"$1,293.95",$0.95,,0.00000000,0.00073751,
12/4/2022,241.75%,"$1,243.04",$0.95,,0.00000000,0.00076800,
12/5/2022,234.16%,"$1,282.42",$0.95,,0.00000000,0.00074389,
12/6/2022,241.18%,"$1,259.76",$0.97,,0.00000000,0.00076618,
12/7/2022,239.92%,"$1,271.94",$0.97,,0.00000000,0.00076219,
12/8/2022,250.99%,"$1,233.63",$0.98,,0.00000000,0.00079735,
12/9/2022,242.65%,"$1,281.21",$0.99,,0.00000000,0.00077084,
12/10/2022,241.54%,"$1,264.48",$0.97,,0.00000000,0.00076732,
12/11/2022,242.47%,"$1,264.79",$0.97,,0.00000000,0.00077026,
12/12/2022,244.28%,"$1,264.32",$0.98,,0.00000000,0.00077603,
12/13/2022,238.41%,"$1,275.33",$0.97,,0.00000000,0.00075737,
12/14/2022,232.62%,"$1,319.41",$0.98,,0.00000000,0.00073898,
12/15/2022,234.66%,"$1,308.40",$0.98,,0.00000000,0.00074547,
12/16/2022,228.99%,"$1,263.75",$0.92,,0.00000000,0.00072744,
12/17/2022,237.57%,"$1,165.97",$0.88,,0.00000000,0.00075470,
12/18/2022,234.80%,"$1,189.43",$0.89,,0.00000000,0.00074591,
12/19/2022,245.32%,"$1,186.78",$0.92,,0.00000000,0.00077932,
12/20/2022,255.24%,"$1,166.99",$0.95,,0.00000000,0.00081085,
12/21/2022,250.15%,"$1,217.89",$0.97,,0.00000000,0.00079467,
12/22/2022,251.13%,"$1,213.34",$0.97,,0.00000000,0.00079778,
12/23/2022,246.26%,"$1,217.85",$0.95,,0.00000000,0.00078230,
12/24/2022,241.37%,"$1,220.70",$0.94,,0.00000000,0.00076677,
12/25/2022,241.26%,"$1,221.36",$0.94,,0.00000000,0.00076642,
12/26/2022,238.38%,"$1,219.29",$0.92,,0.00000000,0.00075728,
12/27/2022,236.58%,"$1,226.25",$0.92,,0.00000000,0.00075156,
12/28/2022,235.75%,"$1,211.82",$0.91,,0.00000000,0.00074893,
12/29/2022,240.78%,"$1,188.73",$0.91,,0.00000000,0.00076490,
12/30/2022,232.89%,"$1,201.54",$0.89,,0.00000000,0.00073984,
12/31/2022,238.69%,"$1,199.11",$0.91,,0.00000000,0.00075828,
1/1/2023,239.18%,"$1,196.61",$0.91,,0.00000000,0.00075981,
1/2/2023,234.92%,"$1,200.66",$0.90,,0.00000000,0.00074630,
1/3/2023,237.58%,"$1,214.38",$0.92,,0.00000000,0.00075473,
1/4/2023,235.11%,"$1,214.76",$0.91,,0.00000000,0.00074689,
1/5/2023,227.03%,"$1,256.44",$0.91,,0.00000000,0.00072121,
1/6/2023,227.03%,"$1,250.79",$0.90,,0.00000000,0.00072123,
1/7/2023,221.35%,"$1,270.03",$0.89,,0.00000000,0.00070318,
1/8/2023,221.45%,"$1,264.84",$0.89,,0.00000000,0.00070348,
1/9/2023,221.28%,"$1,284.58",$0.90,,0.00000000,0.00070296,
1/10/2023,217.21%,"$1,321.68",$0.91,,0.00000000,0.00069004,
1/11/2023,208.06%,"$1,336.02",$0.88,,0.00000000,0.00066097,
1/12/2023,221.41%,"$1,389.77",$0.98,,0.00000000,0.00070337,
1/13/2023,214.78%,"$1,417.13",$0.97,,0.00000000,0.00068231,
1/14/2023,207.71%,"$1,453.38",$0.96,,0.00000000,0.00065985,
1/15/2023,199.30%,"$1,549.11",$0.98,,0.00000000,0.00063312,
1/16/2023,196.07%,"$1,551.32",$0.97,,0.00000000,0.00062286,
1/17/2023,192.51%,"$1,577.73",$0.96,,0.00000000,0.00061156,
1/18/2023,192.55%,"$1,569.53",$0.96,,0.00000000,0.00061170,
1/19/2023,191.33%,"$1,516.56",$0.92,,0.00000000,0.00060782,
1/20/2023,183.96%,"$1,550.51",$0.91,,0.00000000,0.00058440,
1/21/2023,175.25%,"$1,661.33",$0.92,,0.00000000,0.00055675,
1/22/2023,178.97%,"$1,625.91",$0.92,,0.00000000,0.00056855,
1/23/2023,177.01%,"$1,630.84",$0.92,,0.00000000,0.00056232,
1/24/2023,171.98%,"$1,632.96",$0.89,,0.00000000,0.00054633,
1/25/2023,173.32%,"$1,557.06",$0.86,,0.00000000,0.00055061,
1/26/2023,171.53%,"$1,614.68",$0.88,,0.00000000,0.00054490,
1/27/2023,172.79%,"$1,602.85",$0.88,,0.00000000,0.00054891,
1/28/2023,169.05%,"$1,598.47",$0.86,,0.00000000,0.00053703,
1/29/2023,168.04%,"$1,573.06",$0.84,,0.00000000,0.00053383,
1/30/2023,166.55%,"$1,646.52",$0.87,,0.00000000,0.00052908,
1/31/2023,171.34%,"$1,568.65",$0.85,,0.00000000,0.00054430,
2/1/2023,163.90%,"$1,586.54",$0.83,,0.00000000,0.00052066,
2/2/2023,159.76%,"$1,642.86",$0.83,,0.00000000,0.00050751,
2/3/2023,161.94%,"$1,648.68",$0.85,,0.00000000,0.00051445,
2/4/2023,161.25%,"$1,665.43",$0.85,,0.00000000,0.00051226,
2/5/2023,164.86%,"$1,667.27",$0.87,,0.00000000,0.00052371,
2/6/2023,160.91%,"$1,631.37",$0.83,,0.00000000,0.00051119,
2/7/2023,161.22%,"$1,617.14",$0.83,,0.00000000,0.00051217,
2/8/2023,156.59%,"$1,672.82",$0.83,,0.00000000,0.00049744,
2/9/2023,160.25%,"$1,651.41",$0.84,,0.00000000,0.00050908,
2/10/2023,162.77%,"$1,546.38",$0.80,,0.00000000,0.00051707,
2/11/2023,161.50%,"$1,515.53",$0.78,,0.00000000,0.00051306,
2/12/2023,160.71%,"$1,541.97",$0.79,,0.00000000,0.00051052,
2/13/2023,173.90%,"$1,515.33",$0.84,,0.00000000,0.00055243,
2/14/2023,171.21%,"$1,506.92",$0.82,,0.00000000,0.00054389,
2/15/2023,169.42%,"$1,556.96",$0.84,,0.00000000,0.00053820,
2/16/2023,160.56%,"$1,674.86",$0.85,,0.00000000,0.00051007,
2/17/2023,163.37%,"$1,646.14",$0.85,,0.00000000,0.00051900,
2/18/2023,154.30%,"$1,697.08",$0.83,,0.00000000,0.00049019,
2/19/2023,155.41%,"$1,692.52",$0.84,,0.00000000,0.00049369,
2/20/2023,154.14%,"$1,680.38",$0.82,,0.00000000,0.00048968,
2/21/2023,154.27%,"$1,700.20",$0.83,,0.00000000,0.00049008,
2/22/2023,165.53%,"$1,656.58",$0.87,,0.00000000,0.00052586,
2/23/2023,159.54%,"$1,643.17",$0.83,,0.00000000,0.00050682,
2/24/2023,160.28%,"$1,651.85",$0.84,,0.00000000,0.00050919,
2/25/2023,158.75%,"$1,608.10",$0.81,,0.00000000,0.00050431,
2/26/2023,155.66%,"$1,593.95",$0.79,,0.00000000,0.00049451,
2/27/2023,152.74%,"$1,640.58",$0.80,,0.00000000,0.00048523,
2/28/2023,144.94%,"$1,633.98",$0.75,,0.00000000,0.00046045,
3/1/2023,151.17%,"$1,606.63",$0.77,,0.00000000,0.00048024,
3/2/2023,158.10%,"$1,663.93",$0.84,,0.00000000,0.00050226,
3/3/2023,150.05%,"$1,647.66",$0.79,,0.00000000,0.00047669,
3/4/2023,151.91%,"$1,570.67",$0.76,,0.00000000,0.00048257,
3/5/2023,149.70%,"$1,568.50",$0.75,,0.00000000,0.00047556,
3/6/2023,151.28%,"$1,563.23",$0.75,,0.00000000,0.00048059,
3/7/2023,150.14%,"$1,567.35",$0.75,,0.00000000,0.00047696,
3/8/2023,151.92%,"$1,563.81",$0.75,,0.00000000,0.00048261,
3/9/2023,152.73%,"$1,535.26",$0.74,,0.00000000,0.00048518,
3/10/2023,153.00%,"$1,440.17",$0.70,,0.00000000,0.00048604,
3/11/2023,151.37%,"$1,429.60",$0.69,,0.00000000,0.00048088,
3/12/2023,156.72%,"$1,474.40",$0.73,,0.00000000,0.00049787,
3/13/2023,147.48%,"$1,588.20",$0.74,,0.00000000,0.00046852,
3/14/2023,147.58%,"$1,678.92",$0.79,,0.00000000,0.00046883,
3/15/2023,148.61%,"$1,708.30",$0.81,,0.00000000,0.00047210,
3/16/2023,146.63%,"$1,658.07",$0.77,,0.00000000,0.00046580,
3/17/2023,144.25%,"$1,679.79",$0.77,,0.00000000,0.00045826,
3/18/2023,139.79%,"$1,793.30",$0.80,,0.00000000,0.00044407,
3/19/2023,139.48%,"$1,769.43",$0.78,,0.00000000,0.00044310,
3/20/2023,135.20%,"$1,801.37",$0.77,,0.00000000,0.00042951,
3/21/2023,137.03%,"$1,744.44",$0.76,,0.00000000,0.00043532,
3/22/2023,133.54%,"$1,811.41",$0.77,,0.00000000,0.00042423,
3/23/2023,132.23%,"$1,747.64",$0.73,,0.00000000,0.00042008,
3/24/2023,133.35%,"$1,824.96",$0.77,,0.00000000,0.00042361,
3/25/2023,135.96%,"$1,751.22",$0.76,,0.00000000,0.00043190,
3/26/2023,134.57%,"$1,753.98",$0.75,,0.00000000,0.00042749,
3/27/2023,129.30%,"$1,776.87",$0.73,,0.00000000,0.00041076,
3/28/2023,130.91%,"$1,719.17",$0.71,,0.00000000,0.00041586,
3/29/2023,104.92%,"$1,776.04",$0.59,,0.00000000,0.00033330,
3/30/2023,103.42%,"$1,795.54",$0.59,,0.00000000,0.00032855,
3/31/2023,104.45%,"$1,792.91",$0.59,,0.00000000,0.00033182,
4/1/2023,102.59%,"$1,824.02",$0.59,,0.00000000,0.00032590,
4/2/2023,102.31%,"$1,823.00",$0.59,,0.00000000,0.00032501,
4/3/2023,101.28%,"$1,797.74",$0.58,,0.00000000,0.00032174,
4/4/2023,101.22%,"$1,810.47",$0.58,,0.00000000,0.00032156,
4/5/2023,96.56%,"$1,871.33",$0.57,,0.00000000,0.00030676,
4/6/2023,95.08%,"$1,911.34",$0.58,,0.00000000,0.00030204,
4/7/2023,93.16%,"$1,872.25",$0.55,,0.00000000,0.00029595,
4/8/2023,93.04%,"$1,866.66",$0.55,,0.00000000,0.00029558,
4/9/2023,89.34%,"$1,851.05",$0.53,,0.00000000,0.00028383,
4/10/2023,88.09%,"$1,859.94",$0.52,,0.00000000,0.00027985,
4/11/2023,85.78%,"$1,909.88",$0.52,,0.00000000,0.00027251,
4/12/2023,85.29%,"$1,892.94",$0.51,,0.00000000,0.00027095,
4/13/2023,89.30%,"$1,920.22",$0.54,,0.00000000,0.00028370,
4/14/2023,86.30%,"$2,012.79",$0.55,,0.00000000,0.00027416,
4/15/2023,86.42%,"$2,102.95",$0.58,,0.00000000,0.00027454,
4/16/2023,85.85%,"$2,093.17",$0.57,,0.00000000,0.00027273,
4/17/2023,84.42%,"$2,118.60",$0.57,,0.00000000,0.00026819,
4/18/2023,86.22%,"$2,077.54",$0.57,,0.00000000,0.00027391,
4/19/2023,84.57%,"$2,103.28",$0.57,,0.00000000,0.00026865,
4/20/2023,86.15%,"$1,936.43",$0.53,,0.00000000,0.00027366,
4/21/2023,84.63%,1943.44,$0.52,,0.00000000,0.00026884,
4/22/2023,87.62%,1850.15,$0.51,,0.00000000,0.00027835,
4/23/2023,99.83%,1877.54,$0.60,,0.00000000,0.00031714,
4/24/2023,100.06%,1863.64,$0.59,,0.00000000,0.00031785,
4/25/2023,98.92%,1842.63,$0.58,,0.00000000,0.00031424,
4/26/2023,96.97%,1870.57,$0.58,,0.00000000,0.00030805,
4/27/2023,97.26%,1867.59,$0.58,,0.00000000,0.00030899,
4/28/2023,95.63%,1910.46,$0.58,,0.00000000,0.00030381,
4/29/2023,97.03%,1894.43,$0.58,,0.00000000,0.00030825,
4/30/2023,96.87%,1905.27,$0.59,,0.00000000,0.00030773,
5/1/2023,96.55%,1885.39,$0.58,,0.00000000,0.00030673,
5/2/2023,97.05%,1832.73,$0.57,,0.00000000,0.00030832,
5/3/2023,91.69%,1870.83,$0.54,,0.00000000,0.00029127,
5/4/2023,88.56%,1903.73,$0.54,,0.00000000,0.00028135,
5/5/2023,91.19%,1877.4,$0.54,,0.00000000,0.00028969,
5/6/2023,91.51%,1993.61,$0.58,,0.00000000,0.00029072,
5/7/2023,92.20%,1900.41,$0.56,,0.00000000,0.00029291,
5/8/2023,94.12%,1895.23,$0.57,,0.00000000,0.00029899,
5/9/2023,90.32%,1849.29,$0.53,,0.00000000,0.00028694,
5/10/2023,89.37%,1846.06,$0.52,,0.00000000,0.00028391,
5/11/2023,91.43%,1842.87,$0.54,,0.00000000,0.00029044,
5/12/2023,90.70%,1798.07,$0.52,,0.00000000,0.00028815,
5/13/2023,90.99%,1808.69,$0.52,,0.00000000,0.00028906,
5/14/2023,93.14%,1797.2,$0.53,,0.00000000,0.00029589,
5/15/2023,93.37%,1799.01,$0.53,,0.00000000,0.00029661,
5/16/2023,91.48%,1820.04,$0.53,,0.00000000,0.00029060,
5/17/2023,91.08%,1823.66,$0.53,,0.00000000,0.00028934,
5/18/2023,91.50%,1821.05,$0.53,,0.00000000,0.00029067,
5/19/2023,91.63%,1802.39,$0.52,,0.00000000,0.00029108,
5/20/2023,93.52%,1812.13,$0.54,,0.00000000,0.00029711,
5/21/2023,92.30%,1818.97,$0.53,,0.00000000,0.00029323,
5/22/2023,93.81%,1804.93,$0.54,,0.00000000,0.00029802,
5/23/2023,92.28%,1818.4,$0.53,,0.00000000,0.00029314,
5/24/2023,90.90%,1854.19,$0.54,,0.00000000,0.00028875,
5/25/2023,91.84%,1800.74,$0.53,,0.00000000,0.00029174,
5/26/2023,90.07%,1805.81,$0.52,,0.00000000,0.00028614,
5/27/2023,89.83%,1828.96,$0.52,,0.00000000,0.00028536,
5/28/2023,90.40%,1830.31,$0.53,,0.00000000,0.00028717,
5/29/2023,88.21%,1913.82,$0.54,,0.00000000,0.00028022,
5/30/2023,88.35%,1893.71,$0.53,,0.00000000,0.00028068,
5/31/2023,87.13%,1901.08,$0.53,,0.00000000,0.00027680,
6/1/2023,87.99%,1874.69,$0.52,,0.00000000,0.00027952,
6/2/2023,89.20%,1861.73,$0.53,,0.00000000,0.00028337,
6/3/2023,86.18%,1907.21,$0.52,,0.00000000,0.00027378,
6/4/2023,86.48%,1892.08,$0.52,,0.00000000,0.00027472,
6/5/2023,86.95%,1893.18,$0.52,,0.00000000,0.00027622,
6/6/2023,87.59%,1813.68,$0.50,,0.00000000,0.00027826,
6/7/2023,87.16%,1883.24,$0.52,,0.00000000,0.00027690,
6/8/2023,87.42%,1832.32,$0.51,,0.00000000,0.00027771,
6/9/2023,88.57%,1846.03,$0.52,,0.00000000,0.00028135,
6/10/2023,87.99%,1839.21,$0.51,,0.00000000,0.00027951,
6/11/2023,88.53%,1754.67,$0.49,,0.00000000,0.00028124,
6/12/2023,88.23%,1751.72,$0.49,,0.00000000,0.00028029,
6/13/2023,86.75%,1742.6,$0.48,,0.00000000,0.00027559,
6/14/2023,85.98%,1736.79,$0.47,,0.00000000,0.00027312,
6/15/2023,87.00%,1650.68,$0.46,,0.00000000,0.00027637,
6/16/2023,85.40%,1664.98,$0.45,,0.00000000,0.00027131,
6/17/2023,85.38%,1716.38,$0.47,,0.00000000,0.00027122,
6/18/2023,85.11%,1726.37,$0.47,,0.00000000,0.00027038,
6/19/2023,85.86%,1719.27,$0.47,,0.00000000,0.00027277,
6/20/2023,85.28%,1734.79,$0.47,,0.00000000,0.00027093,
6/21/2023,84.68%,1790.19,$0.48,,0.00000000,0.00026900,
6/22/2023,87.41%,1892.9,$0.53,,0.00000000,0.00027768,
6/23/2023,87.79%,1874.18,$0.52,,0.00000000,0.00027890,
6/24/2023,86.95%,1891.35,$0.52,,0.00000000,0.00027621,
6/25/2023,89.06%,1875.06,$0.53,,0.00000000,0.00028294,
6/26/2023,88.94%,1899.15,$0.54,,0.00000000,0.00028253,
6/27/2023,87.80%,1859.8,$0.52,,0.00000000,0.00027891,
6/28/2023,96.11%,1890.01,$0.58,,0.00000000,0.00030534,
6/29/2023,89.45%,1828.46,$0.52,,0.00000000,0.00028417,
6/30/2023,85.35%,1853.45,$0.50,,0.00000000,0.00027113,
7/1/2023,83.51%,1934.05,$0.51,,0.00000000,0.00026531,
7/2/2023,86.89%,1924.57,$0.53,,0.00000000,0.00027602,
7/3/2023,85.34%,1933.96,$0.52,,0.00000000,0.00027111,
7/4/2023,86.00%,1953.78,$0.53,,0.00000000,0.00027321,
7/5/2023,84.25%,1937,$0.52,,0.00000000,0.00026765,
7/6/2023,82.82%,1910.51,$0.50,,0.00000000,0.00026310,
7/7/2023,85.20%,1855.47,$0.50,,0.00000000,0.00027067,
7/8/2023,84.58%,1869.32,$0.50,,0.00000000,0.00026869,
7/9/2023,83.64%,1864.87,$0.50,,0.00000000,0.00026572,
7/10/2023,85.17%,1864.58,$0.50,,0.00000000,0.00027057,
7/11/2023,83.57%,1880.24,$0.50,,0.00000000,0.00026547,
7/12/2023,84.18%,1878.23,$0.50,,0.00000000,0.00026741,